Word,Reading,Why
弟,おと,JMdict: every sense archaic. 弟/おとうと stays
捕吏,ほり,JMdict: every sense archaic
予言,かねごと,JMdict: every sense archaic. The deck has no modern よげん entry; that gap is a source-data one
末,うら,JMdict: every sense archaic. 末/すえ stays
天皇,すめらぎ,JMdict: every sense archaic. 天皇/てんのう stays
会,え,JMdict: every sense archaic. 会/かい stays
東,あずま,JMdict: first sense archaic. 東/ひがし stays
尉,じょう,JMdict: first sense archaic (old Imperial rank)
基,もとい,JMdict: first sense archaic. 基/もと stays
少女,おとめ,Archaic reading. 少女/しょうじょ stays
強気,ごうぎ,Archaic reading with a meaning that does not fit the word. 強気/つよき stays
館,たち,Archaic reading. 館/かん stays
役,えき,Historical reading. 役/やく stays
軍,いくさ,Archaic reading duplicating 戦/いくさ. 軍/ぐん stays
地方,じかた,Archaic reading. 地方/ちほう stays
