Kanji,Reading,Meaning,Level
三人,さんにん,three people,5
人々,ひとびと,"people, men and women",5
前年,ぜんねん,"the preceding year, the previous year, last year",5
日本人,にほんじん,"Japanese person, Japanese people",5
前半,ぜんはん,first half,5
前日,ぜんじつ,"previous day, day before, eve",5
年金,ねんきん,"annuity, pension",5
後半,こうはん,"second half, latter half",5
日本語,にほんご,Japanese (language),5
男女,だんじょ,"men and women, man and woman, both sexes",5
中学生,ちゅうがくせい,"junior high school student, middle school pupil",5
中国人,ちゅうごくじん,Chinese person,5
半年,はんとし,"half a year, six months",5
長年,ながねん,"long time, many years",5
高さ,たかさ,"height, altitude, elevation",5
三時,さんじ,3 o'clock,5
休日,きゅうじつ,"holiday, day off",5
中でも,なかでも,"among (other things), especially, particularly",5
今や,いまや,"now (esp. in contrast to the past), now at last, at present",5
北東,ほくとう,northeast,5
南西,なんせい,southwest,5
国外,こくがい,"outside the country, abroad",5
小川,おがわ,"stream, brook, creek",5
入国,にゅうこく,entry into a country,5
国々,くにぐに,countries,5
長さ,ながさ,length,5
今まで,いままで,"until now, so far, up to the present",5
長時間,ちょうじかん,long time,5
会長,かいちょう,"president (of a society), chairman",4
自ら,みずから,oneself,4
思い,おもい,thought,4
社員,しゃいん,company employee,4
考え方,かんがえかた,way of thinking,4
行方,ゆくえ,(one's) whereabouts,4
何度,なんど,how many times,4
地上,ちじょう,"above ground, surface, overground",4
帰国,きこく,return to one's country,4
強さ,つよさ,"strength, power",4
海上,かいじょう,"on the sea, surface of the sea",4
研究者,けんきゅうしゃ,researcher,4
一歩,いっぽ,"(a) step, one step",4
一週間,いっしゅうかん,one week,4
主人,しゅじん,"head (of a household), proprietor (of a store), proprietress",4
二度,にど,"two times, twice",4
人員,じんいん,"number of persons, personnel",4
体重,たいじゅう,(body) weight,4
思い切って,おもいきって,"resolutely, boldly, decisively",4
新作,しんさく,"new work, new production",4
早朝,そうちょう,early morning,4
来春,らいしゅん,next spring,4
社会人,しゃかいじん,"working adult, full-fledged member of society",4
親子,おやこ,parent and child,4
夕食,ゆうしょく,"evening meal, dinner",4
急いで,いそいで,"hurriedly, in haste, in a rush",4
正月,しょうがつ,New Year (esp. first three days),4
死後,しご,after death,4
真の,しんの,"true, real, genuine",4
近年,きんねん,recent years,4
重さ,おもさ,weight,4
駅前,えきまえ,in front of a station,4
国道,こくどう,national highway,4
店員,てんいん,"employee (of a store), shop assistant, clerk",4
目の前,めのまえ,"before one's eyes, in front of one, under one's nose",4
通話,つうわ,"telephone call, speaking over the telephone, (Internet) voice call",4
飲料,いんりょう,"beverage, drink",4
世界一,せかいいち,best in the world,4
使い方,つかいかた,"way to use something, treatment, management (of help)",4
十字,じゅうじ,"cross, crossed, cruciform",4
右手,みぎて,right hand,4
後方,こうほう,"behind, in the rear, in back",4
心から,こころから,"from the bottom of one's heart, heartily, sincerely",4
手作り,てづくり,"handmade, homegrown, hand-crafted",4
新車,しんしゃ,new car,4
朝食,ちょうしょく,breakfast,4
重み,おもみ,weight,4
取引,とりひき,"transactions, dealings, business",3
国内,こくない,"internal, domestic",3
市内,しない,"(within a) city, local",3
当初,とうしょ,"beginning, start, outset",3
戦後,せんご,"postwar period, period after Second World War",3
政治家,せいじか,"politician, statesman",3
昨年,さくねん,last year,3
最大,さいだい,"biggest, greatest, largest",3
決まって,きまって,"always, without fail, invariably",3
疑い,うたがい,"doubt, question, uncertainty",3
研究所,けんきゅうしょ,"research establishment, research institute, laboratory",3
自宅,じたく,"one's home, one's house",3
見直し,みなおし,"review, reconsideration, revision",3
野球,やきゅう,baseball,3
金利,きんり,"interest rate, interest",3
関係者,かんけいしゃ,"person concerned, people involved (in an event), those concerned",3
事実上,じじつじょう,"as a matter of fact, actually, effectively",3
人権,じんけん,"human rights, civil liberties",3
先進国,せんしんこく,"advanced (developed) country, advanced nations",3
全面,ぜんめん,"whole surface, entire",3
前回,ぜんかい,"previous time, last time, previous installment",3
労働者,ろうどうしゃ,"employee, worker",3
原子力,げんしりょく,"atomic energy, nuclear power",3
報告書,ほうこくしょ,(written) report,3
変わった,かわった,"unusual, abnormal, strange",3
多数,たすう,"large number (of), many",3
市長,しちょう,mayor,3
当面,とうめん,"current, urgent, pressing",3
役員,やくいん,"director, executive",3
早期,そうき,early stage,3
法人,ほうじん,"corporate body, corporation, (legal) person",3
消費者,しょうひしゃ,consumer,3
若手,わかて,young person,3
若者,わかもの,"young man, young woman, young people",3
難民,なんみん,"refugee, displaced person",3
一回,いっかい,"once, one time, one round",3
不信,ふしん,"distrust, mistrust, disbelief",3
交代,こうたい,"alternation, change, relief",3
値上げ,ねあげ,"price hike, mark-up",3
全力,ぜんりょく,"all one's power (strength, energy, efforts), one's utmost",3
参加者,さんかしゃ,"participant, entrant",3
変わらない,かわらない,"constant, invariant",3
当然,とうぜん,"natural, right, proper",3
必要性,ひつようせい,necessity,3
所長,しょちょう,"chief, head (of an office, of a laboratory)",3
支払い,しはらい,payment,3
支部,しぶ,"branch, subdivision",3
時点,じてん,"point in time, occasion",3
決着,けっちゃく,"conclusion, decision, end",3
理念,りねん,"foundational principle, idea, conception (e.g. of the university)",3
職場,しょくば,"one's post, place of work, workplace",3
解明,かいめい,"elucidation, explication, explaining",3
先進,せんしん,"advanced, developed",3
初日,しょにち,"first day, opening day",3
北部,ほくぶ,"northern part, the north (of a region)",3
半数,はんすう,half the number,3
南部,なんぶ,"southern part, the south (of a region)",3
取り組み,とりくみ,"bout (in sports, etc.), match",3
問題点,もんだいてん,"the problem (at issue), the point at issue, problematic issue",3
年末,ねんまつ,end-of-year,3
最多,さいた,"most (numerous), largest (number of)",3
画面,がめん,"screen (of a TV, computer, etc.)",3
社内,しゃない,"within a company, in-house",3
表示,ひょうじ,"indication, expression, showing",3
解体,かいたい,"demolition, taking down, dismantling",3
解消,かいしょう,"cancellation, liquidation, resolution",3
認定,にんてい,"authorization, authorisation, acknowledgment",3
責任者,せきにんしゃ,"person responsible for ..., responsible party, supervisor",3
車両,しゃりょう,"rolling stock, railroad cars, wheeled vehicles",3
両者,りょうしゃ,"pair, the two, both persons",3
互いに,たがいに,"mutually, with each other, reciprocally",3
例年,れいねん,"average (normal, ordinary) year",3
前期,ぜんき,"first term, first half-year, preceding period",3
取得,しゅとく,"acquisition, obtaining, gaining possession",3
口座,こうざ,account (e.g. bank),3
喜んで,よろこんで,with pleasure ...,3
室内,しつない,"indoor, inside the room",3
所有,しょゆう,"one's possessions, ownership",3
手数料,てすうりょう,"(handling) fee, charge (e.g. for a cancellation), commission",3
指数,しすう,"index, index number, exponent (e.g. in floating-point representation)",3
数値,すうち,"numerical value, numerics",3
新規,しんき,"new, fresh",3
最悪,さいあく,worst,3
最新,さいしん,"latest, newest, late-breaking (news)",3
構図,こうず,composition,3
特例,とくれい,"special case, exception",3
現役,げんえき,"active duty, active service",3
着実,ちゃくじつ,"steady, sound, solid",3
終戦,しゅうせん,"end of war, cessation of hostilities",3
財務,ざいむ,financial affairs,3
路上,ろじょう,"on the road, on the street, in the street",3
適正,てきせい,"reasonable, suitable",3
選出,せんしゅつ,"election, selection, choice",3
除いて,のぞいて,"except, save",3
上限,じょうげん,upper limit,3
人数,にんずう,the number of people,3
体調,たいちょう,"physical condition, state of health",3
値下げ,ねさげ,cut in price,3
初期,しょき,"early (days), initial stage",3
前面,ぜんめん,"front part, frontage, facade",3
在宅,ざいたく,"being in, being at home",3
変わり,かわり,"change, alteration",3
守り,まもり,"protection, defense, defence",3
定例,ていれい,"regular, ordinary (e.g. session of parliament)",3
打ち上げ,うちあげ,"launching, launch",3
最大限,さいだいげん,maximum,3
東部,とうぶ,"eastern part, the east (of a region)",3
次回,じかい,next time (occasion),3
水面,すいめん,water's surface,3
落ち着いた,おちついた,"calm, composed, cool",3
西部,せいぶ,"western part, the west (of a region)",3
週末,しゅうまつ,weekend,3
違法,いほう,"illegal, illicit, unlawful",3
高速道路,こうそくどうろ,"highway, freeway, expressway",3
不要,ふよう,"unnecessary, unneeded",3
乗り,のり,"riding, ride",3
取り消し,とりけし,"cancellation, withdrawal, abolition",3
合宿,がっしゅく,"lodging together, training camp, boarding house",3
呼びかけ,よびかけ,"call, appeal",3
外交官,がいこうかん,diplomat,3
実家,じっか,(one's parents') home,3
対戦,たいせん,"fighting (against), taking on (an opponent), facing",3
年収,ねんしゅう,annual income,3
悲しみ,かなしみ,"sadness, sorrow, grief",3
数々,かずかず,"many, numerous, various",3
数百,すうひゃく,several hundreds,3
更新,こうしん,"renewal, update, innovation",3
本番,ほんばん,"performance, take, going before an audience or on-air",3
記念日,きねんび,"memorial day, commemoration day, anniversary",3
誤って,あやまって,"in error, by mistake, by accident",3
部員,ぶいん,"staff, member (club, society, etc.)",3
音声,おんせい,"voice, speech, sound of a voice",3
頼り,たより,"reliance, dependence",3
両手,りょうて,"both hands, both arms",3
人間関係,にんげんかんけい,"human relations, personal relationships",3
体内,たいない,interior of the body,3
何回,なんかい,how many times?,3
入居,にゅうきょ,moving into (house),3
口調,くちょう,"tone (of voice), manner of talking",3
押し,おし,"push, pushing",3
数日,すうじつ,few days,3
最長,さいちょう,longest,3
残業,ざんぎょう,overtime (work),3
毎回,まいかい,"every time, each round",3
民家,みんか,private house,3
求人,きゅうじん,"recruiting, job offer, job vacancy",3
法務,ほうむ,judicial affairs,3
王国,おうこく,"kingdom, monarchy",3
王座,おうざ,throne,3
絵本,えほん,picture book,3
絶好,ぜっこう,"best, ideal, perfect",3
老後,ろうご,old age,3
船長,せんちょう,"ship's captain, skipper",3
良かったら,よかったら,if you like,3
良さ,よさ,"merit, virtue, good quality",3
若さ,わかさ,youth,3
苦しみ,くるしみ,"pain, anguish, distress",3
賛否,さんぴ,"yes and no, for and against",3
車内,しゃない,"inside a car (train, bus, etc.)",3
速やか,すみやか,"quick, speedy, prompt",3
連打,れんだ,"repeated blows, striking repeatedly, barrage",3
委員会,いいんかい,"committee, commission, board",2
双方,そうほう,"both parties, both sides",2
史上,しじょう,"in history, ever, historical",2
専門,せんもん,"speciality, specialty, subject of study",2
専門家,せんもんか,"specialist, expert, professional",2
再開,さいかい,"reopening, resumption, restarting",2
大型,おおがた,"large, large-sized, large-scale",2
大量,たいりょう,"large quantity, massive (quantity), mass (e.g. mass production, mass transit, mass destruction)",2
積極,せっきょく,"active, positive, progressive",2
経営者,けいえいしゃ,"manager, proprietor",2
航空機,こうくうき,aircraft,2
高齢,こうれい,"advanced age, old age",2
高齢者,こうれいしゃ,"old person, old people",2
復帰,ふっき,"return, comeback, reinstatement",2
翌日,よくじつ,next day,2
被害者,ひがいしゃ,"victim, injured party, sufferer",2
講座,こうざ,course (e.g. of lectures),2
二階,にかい,"second floor, upstairs",2
仏教,ぶっきょう,Buddhism,2
出版社,しゅっぱんしゃ,"publisher, publishing house, publishing company",2
小型,こがた,"small, small-sized, small-scale",2
文庫,ぶんこ,"library, book collection",2
翌年,よくねん,following year,2
依然として,いぜんとして,"still, as yet, as of old",2
副作用,ふくさよう,"side effect, adverse reaction",2
技術者,ぎじゅつしゃ,"engineer, technical expert, technician",2
祭り,まつり,"festival, feast",2
喫煙,きつえん,smoking,2
報復,ほうふく,"retaliation, revenge, reprisal",2
新型,しんがた,"new type, new style, new model",2
画像,がぞう,"image, picture, portrait",2
幅広い,はばひろい,"extensive, wide, broad",2
倫理,りんり,"ethics, morals",1a
歌舞伎,かぶき,"kabuki, Japanese classical drama",1a
過激,かげき,"extreme, radical",1a
中核,ちゅうかく,"kernel, core, nucleus",1a
既存,きそん,existing,1a
次第に,しだいに,gradually (progress into a state),1a
震源,しんげん,"hypocentre (of an earthquake), hypocenter",1a
帝国,ていこく,empire,1a
疾患,しっかん,"disease, ailment, illness",1a
視線,しせん,"one's line of sight, one's gaze, one's eyes (looking)",1a
卓球,たっきゅう,"table tennis, ping-pong",1a
国旗,こっき,national flag,1a
土壌,どじょう,soil,1a
恐竜,きょうりゅう,dinosaur,1a
推移,すいい,"transition, change, progress",1a
救急,きゅうきゅう,"first-aid, emergency (aid)",1a
繰り返し,くりかえし,"repetition, repeat, reiteration",1a
近隣,きんりん,"neighbourhood, neighborhood, vicinity",1a
迫力,はくりょく,"impressiveness, impact, force",1a
懸念,けねん,"worry, fear, anxiety",1b
一環,いっかん,"link (e.g. in a chain of events), part (of a plan, campaign, activities, etc.)",1b
店舗,てんぽ,"shop, store",1b
顧客,こきゃく,"customer, client, patron",1b
生涯,しょうがい,"life, lifetime, career",1b
罰金,ばっきん,"fine, penalty",1b
鮮明,せんめい,"vivid, clear, distinct",1b
多彩,たさい,"variegated, varicoloured, varicolored",1b
大企業,だいきぎょう,"large company, large enterprise, large corporation",1b
修復,しゅうふく,"restoration, repair, mending",1b
回避,かいひ,"evasion, avoidance",1b
浄化,じょうか,purification,1b
抑える,おさえる,"to keep within limits (e.g. spending), to restrain (e.g. emotions), to control",1c
仮に,かりに,"supposing, even if, granting that",1c
肝臓,かんぞう,liver,1c
臨床,りんしょう,"clinical (e.g. pathology, physiology)",1c
誘拐,ゆうかい,"abduction, kidnapping, kidnaping",1c
防災,ぼうさい,"disaster preparedness, prevention of damage resulting from a natural disaster, protection against disaster",1c
保持,ほじ,"retention, maintenance, preservation",1c
免疫,めんえき,"immunity, immunization, immunisation",1c
応える,こたえる,"to respond, to answer, to meet (e.g. demands, expectations)",1c
結婚式,けっこんしき,"marriage ceremony, wedding, nuptials",1c
長距離,ちょうきょり,"long distance, long haul",1c
余儀なく,よぎなく,"unavoidably, necessarily, inevitably",1c
選択肢,せんたくし,"choices, alternatives, options",1c
支援,しえん,"support, backing, aid",1d
弁護士,べんごし,"lawyer, attorney",1d
民主主義,みんしゅしゅぎ,democracy,1d
臓器,ぞうき,"internal organs, viscera, intestines",1d
遺体,いたい,"corpse, remains",1d
遺族,いぞく,"bereaved family, surviving family, family of the deceased",1d
障害者,しょうがいしゃ,"disabled person, handicapped person, person with a (physical or mental) disability",1d
犠牲者,ぎせいしゃ,victim,1d
裁判所,さいばんしょ,"court, courthouse",1d
遺伝子,いでんし,gene,1d
我が国,わがくに,"our country, our land, one's own country",1d
沿って,そって,"along, by, parallel to",1d
脅威,きょうい,"threat, menace",1d
連携,れんけい,"cooperation, coordination, link",1d
頑張って,がんばって,"do your best, go for it, hang in there",1d
価値観,かちかん,"sense of values, values, value system",1d
式典,しきてん,"ceremony, rites",1d
肺炎,はいえん,pneumonia,1d
謝罪,しゃざい,apology,1d
交通事故,こうつうじこ,traffic accident,1d
民衆,みんしゅう,"people, populace, masses",1d
裁判官,さいばんかん,judge,1d
遺産,いさん,"inheritance, bequest, legacy",1d
重傷,じゅうしょう,"serious wound, serious injury",1d
冷却,れいきゃく,"cooling, refrigeration",1d
刑務所,けいむしょ,"prison, penitentiary",1d
取り分け,とりわけ,"especially, above all",1c
